cScore,merged_col
medium,"5 Bigha Agricultural Land is available for Rent in Runkata road, Agra for 60,000 5 Bigha Agricultural Land is available for Rent in Runkata road, Agra for 60,000"
medium,"30000 Sq-ft Agricultural Land is available for Rent in Patholi, Agra for 60,000 30000 Sq-ft Agricultural Land is available for Rent in Patholi, Agra for 60,000"
medium,"Agricultural land is available for rent. It has plot area of 3 bigha, it is a good location property 3 Bigha Agricultural Land is available for Rent in Tragad, Ahmedabad for 8.40 Lac(s)"
medium,"Agricultural land is available for rent. It has plot area of 5880 sq-ft, it is a good location prope 5880 Sq-ft Agricultural Land is available for Rent in Lakshmanpura, Ahmedabad for 1.0 Lac(s)"
medium,"4000 Sq-yrd Agricultural Land is available for Rent in Bhadaj, Ahmedabad for 1.0 Lac(s) 4000 Sq-yrd Agricultural Land is available for Rent in Bhadaj, Ahmedabad for 1.0 Lac(s)"
medium,"Property is available for Lease 8 Acre Agricultural Land is available for Rent in Malakhera, Alwar "
medium,"30 Bigha Agricultural Land is available for Rent in Behror, Alwar  30 Bigha Agricultural Land is available for Rent in Behror, Alwar "
medium,"agriculture land 54 Guntha Agricultural Land is available for Rent in , Anand for 8,000"
medium,"56 Hectare Agricultural Land is available for Rent in Nanpara, Bahraich for 2.80 Lac(s) 56 Hectare Agricultural Land is available for Rent in Nanpara, Bahraich for 2.80 Lac(s)"
medium,"52000 Sq-ft Agricultural Land is available for Rent in Devanahalli, Bangalore for 2.50 Lac(s) 52000 Sq-ft Agricultural Land is available for Rent in Devanahalli, Bangalore for 2.50 Lac(s)"
high,"Land for rent, siddapura1 acre , 15 ft road, ideal for sports club , kinder garden, pickleball, bts  1 Acre Agricultural Land is available for Rent in Siddapura, Bangalore for 8.71 Lac(s)"
medium,"2 Acre Agricultural Land is available for Rent in Mada Patna, Bangalore for 25,000 2 Acre Agricultural Land is available for Rent in Mada Patna, Bangalore for 25,000"
medium,"121000 Sq-ft Agricultural Land is available for Rent in Hirandahalli, Bangalore for 7.26 Lac(s) 121000 Sq-ft Agricultural Land is available for Rent in Hirandahalli, Bangalore for 7.26 Lac(s)"
medium,"170000 Sq-ft Agricultural Land is available for Rent in Anekal Main Road, Bangalore for 35.0 Lac(s) 170000 Sq-ft Agricultural Land is available for Rent in Anekal Main Road, Bangalore for 35.0 Lac(s)"
medium,"25959 Sq-ft Agricultural Land is available for Rent in Hoskote, Bangalore for 85,000 25959 Sq-ft Agricultural Land is available for Rent in Hoskote, Bangalore for 85,000"
medium,"available vacant land for rent or lease near sarjapura Infosys campus back side contact no  75501397 1 Acre Agricultural Land is available for Rent in Chichuraganapalli Thindlu Road, Bangalore for 1.50 Lac(s)"
medium,"6 Acre Agricultural Land is available for Rent in Sarjapura, Bangalore for 3.0 Lac(s) 6 Acre Agricultural Land is available for Rent in Sarjapura, Bangalore for 3.0 Lac(s)"
medium,"120 Guntha Agricultural Land is available for Rent in , Bangalore for 1.0 Lac(s) 120 Guntha Agricultural Land is available for Rent in , Bangalore for 1.0 Lac(s)"
medium,"2 Acre Agricultural Land is available for Rent in Gopalapura Kukkanahalli, Bangalore for 2.93 Lac(s) 2 Acre Agricultural Land is available for Rent in Gopalapura Kukkanahalli, Bangalore for 2.93 Lac(s)"
medium,"43000 Sq-ft Agricultural Land is available for Rent in Sarjapura, Bangalore for 19.35 Lac(s) 43000 Sq-ft Agricultural Land is available for Rent in Sarjapura, Bangalore for 19.35 Lac(s)"
medium,"1200 Sq-ft Agricultural Land is available for Rent in Avalahalli, Bangalore for 65,000 1200 Sq-ft Agricultural Land is available for Rent in Avalahalli, Bangalore for 65,000"
medium,"20 Guntha Agricultural Land is available for Rent in Yamare Village, Bangalore for 1.0 Lac(s) 20 Guntha Agricultural Land is available for Rent in Yamare Village, Bangalore for 1.0 Lac(s)"
medium,"Agricultural land is available for rent. It has plot area of 20000 sq-ft, it is a good location prop 20000 Sq-ft Agricultural Land is available for Rent in Shetty halli, Bangalore for 40,000"
medium,"24 Guntha Agricultural Land is available for Rent in Hesaraghatta, Bangalore for 24,000 24 Guntha Agricultural Land is available for Rent in Hesaraghatta, Bangalore for 24,000"
medium,"IVC road attached 2 acres property, Rs 10 square feet 2 Acre Agricultural Land is available for Rent in IVC Road, Bangalore for 8.0 Lac(s)"
medium,"40000 Sq-ft Agricultural Land is available for Rent in Attibele, Bangalore for 3.0 Lac(s) 40000 Sq-ft Agricultural Land is available for Rent in Attibele, Bangalore for 3.0 Lac(s)"
medium,"16263 Sq-ft Agricultural Land is available for Rent in Hoskote Malur Road, Bangalore for 50,000 16263 Sq-ft Agricultural Land is available for Rent in Hoskote Malur Road, Bangalore for 50,000"
medium,"2 Acre Agricultural Land is available for Rent in Hesaraghatta, Bangalore for 30,000 2 Acre Agricultural Land is available for Rent in Hesaraghatta, Bangalore for 30,000"
low,"200000 Sq-ft Agricultural Land is available for Rent in Kadugodi, Bangalore for 30.0 Lac(s) 200000 Sq-ft Agricultural Land is available for Rent in Kadugodi, Bangalore for 30.0 Lac(s)"
medium,"10000 Sq-ft Agricultural Land is available for Rent in Arasinakunte, Bangalore for 80,000 10000 Sq-ft Agricultural Land is available for Rent in Arasinakunte, Bangalore for 80,000"
medium,"2 Acre Agricultural Land is available for Rent in Devanahalli, Bangalore  2 Acre Agricultural Land is available for Rent in Devanahalli, Bangalore "
medium,"20 Acre Agricultural Land is available for Rent in Doddaballapura, Bangalore  20 Acre Agricultural Land is available for Rent in Doddaballapura, Bangalore "
medium,"2 Acre Agricultural Land is available for Rent in Kanakapura Road, Bangalore  2 Acre Agricultural Land is available for Rent in Kanakapura Road, Bangalore "
medium,"10 Guntha Agricultural Land is available for Rent in Badlapur, Beyond Thane for 75,000 10 Guntha Agricultural Land is available for Rent in Badlapur, Beyond Thane for 75,000"
medium,"10 Acre Agricultural Land is available for Rent in Ambernath West, Beyond Thane  10 Acre Agricultural Land is available for Rent in Ambernath West, Beyond Thane "
low,"1350 Sq-ft Agricultural Land is available for Rent in , Bharatpur for 10,000 1350 Sq-ft Agricultural Land is available for Rent in , Bharatpur for 10,000"
medium,"Property is available for Lease 1 Acre Agricultural Land is available for Rent in Ratanpur Sadak, Bhopal "
medium,"Agricultural land is available for rent. It is a good location property. Please contact for more det 14000 Sq-ft Agricultural Land is available for Rent in Balianta, Bhubaneswar for 60,000"
medium,"7000 Sq-ft Agricultural Land is available for Rent in Khordha, Bhubaneswar for 24,000 7000 Sq-ft Agricultural Land is available for Rent in Khordha, Bhubaneswar for 24,000"
medium,"Presitine greenery around the road side plot. Well connected to Gudia Pokhari cross roads, 3km dista 29000 Sq-ft Agricultural Land is available for Rent in Gudia Pokhari, Bhubaneswar for 1.0 Lac(s)"
medium,"7 Bigha Agricultural Land is available for Rent in Anupshahar, Bulandshahr for 17.50 Lac(s) 7 Bigha Agricultural Land is available for Rent in Anupshahar, Bulandshahr for 17.50 Lac(s)"
medium,"6 Acre Agricultural Land is available for Rent in Sikandrabad, Bulandshahr  6 Acre Agricultural Land is available for Rent in Sikandrabad, Bulandshahr "
medium,"It is agricultural land suitable for all types of farming like poultry,goat etc with one well and su 5 Acre Agricultural Land is available for Rent in Kumizhi, Chennai for 3.50 Lac(s)"
medium,"10 Acre Agricultural Land is available for Rent in Pakkam, Chennai for 9.50 Lac(s) 10 Acre Agricultural Land is available for Rent in Pakkam, Chennai for 9.50 Lac(s)"
medium,"6912 Sq-ft Agricultural Land is available for Rent in Melmaruvathur, Chennai for 1.0 Lac(s) 6912 Sq-ft Agricultural Land is available for Rent in Melmaruvathur, Chennai for 1.0 Lac(s)"
medium,"9000 Sq-ft Agricultural Land is available for Rent in Sholinganallur, Chennai for 2.25 Lac(s) 9000 Sq-ft Agricultural Land is available for Rent in Sholinganallur, Chennai for 2.25 Lac(s)"
medium,"Property is available for Lease 6 Acre Agricultural Land is available for Rent in Thiruvallur, Chennai "
medium,"Main road facingBefore check post. Suitable for dhabha, warehouse, small scale manufacturing units.  15000 Sq-ft Agricultural Land is available for Rent in , Coimbatore for 35,000"
medium,"Located at Pattanam, Behind KPM Industries. near Cochin by pass Road. Storage valuables with best in 1 Acre Agricultural Land is available for Rent in Pattanam, Coimbatore for 40,000"
medium,"1 km from Thrichy Main road, 1 Acre Agricultural Land is available for Rent in Kangayampalayam, Coimbatore for 50,000"
medium,"3000 Sq-ft Agricultural Land is available for Rent in Sulur, Coimbatore for 10,000 3000 Sq-ft Agricultural Land is available for Rent in Sulur, Coimbatore for 10,000"
medium,"1 Acre Agricultural Land is available for Rent in pollachi, Coimbatore for 5,000 1 Acre Agricultural Land is available for Rent in pollachi, Coimbatore for 5,000"
medium,"1 Acre Agricultural Land is available for Rent in Pachapalayam, Coimbatore  1 Acre Agricultural Land is available for Rent in Pachapalayam, Coimbatore "
medium,"2 Acre Agricultural Land is available for Rent in , Davanagere for 2.0 Lac(s) 2 Acre Agricultural Land is available for Rent in , Davanagere for 2.0 Lac(s)"
medium,"6000 Sq-ft Agricultural Land is available for Rent in , Dehradun for 50,000 6000 Sq-ft Agricultural Land is available for Rent in , Dehradun for 50,000"
medium,"Prime commercial land for lease on a high-Traffic main road, offering excellent visibility for your  31000 Sq-ft Agricultural Land is available for Rent in Kedar Puram, Dehradun for 7.0 Lac(s)"
medium,"12500 Sq-ft Agricultural Land is available for Rent in Ujjain Road, Dewas for 80,000 12500 Sq-ft Agricultural Land is available for Rent in Ujjain Road, Dewas for 80,000"
medium,"60000 Sq-ft Agricultural Land is available for Rent in , Dewas for 40,000 60000 Sq-ft Agricultural Land is available for Rent in , Dewas for 40,000"
medium," Agricultural Land spans over 2860 X 860 Sq-ft in length & breadth.  3500 Sq-ft Agricultural Land is available for Rent in , Dhanbad for 10,000"
medium,".............................................. 7 Sq-ft Agricultural Land is available for Rent in Sector 56, Faridabad for 7.0 Lac(s)"
medium,"5 Bigha Agricultural Land is available for Rent in Jasana, Faridabad for 70,000 5 Bigha Agricultural Land is available for Rent in Jasana, Faridabad for 70,000"
medium,"1400 Gaj Property Available for Rent or Lease. The Property has a Boundary, a Gate and a Room. You c 1400 Gaj Agricultural Land is available for Rent in Neharpar, Faridabad for 45,000"
medium,"5 Acre Agricultural Land is available for Rent in , Gandhinagar for 60,000 5 Acre Agricultural Land is available for Rent in , Gandhinagar for 60,000"
medium,"4 Bigha Agricultural Land is available for Rent in , Gandhinagar for 20,000 4 Bigha Agricultural Land is available for Rent in , Gandhinagar for 20,000"
medium,"15 Bigha Agricultural Land is available for Rent in Muradnagar, Ghaziabad  15 Bigha Agricultural Land is available for Rent in Muradnagar, Ghaziabad "
medium,"6300 Sq-m Agricultural Land is available for Rent in Ponda, Goa for 1.0 Lac(s) 6300 Sq-m Agricultural Land is available for Rent in Ponda, Goa for 1.0 Lac(s)"
medium,"1 Acre Agricultural Land is available for Rent in Rampur Buzurg, Gorakhpur for 25,000 1 Acre Agricultural Land is available for Rent in Rampur Buzurg, Gorakhpur for 25,000"
medium,"4 Bigha Agricultural Land is available for Rent in Bisrakh Jalalpur, Greater Noida for 10.0 Lac(s) 4 Bigha Agricultural Land is available for Rent in Bisrakh Jalalpur, Greater Noida for 10.0 Lac(s)"
medium,"Agricultural land is available for rent. It has plot area of 2 Acre , it is a good location property 2 Acre Agricultural Land is available for Rent in Gwal Pahari, Gurgaon for 2.0 Lac(s)"
medium,"6300 Sq-ft Agricultural Land is available for Rent in Sector 86, Gurgaon for 70,000 6300 Sq-ft Agricultural Land is available for Rent in Sector 86, Gurgaon for 70,000"
medium,"Agricultural land is available for rent. It is a good location property. Please contact for more det 6410 Sq-ft Agricultural Land is available for Rent in IMT Manesar, Gurgaon for 50,000"
medium,"10 Mint. Distance from Reliance MET, 25 Mint. IMT Manesar, Near by railway station. Land Available f 2 Killa Agricultural Land is available for Rent in Farrukhnagarrular, Gurgaon for 5.0 Lac(s)"
medium,"5000 Sq-ft Agricultural Land is available for Rent in Bilaspur Kalan, Gurgaon for 40,000 5000 Sq-ft Agricultural Land is available for Rent in Bilaspur Kalan, Gurgaon for 40,000"
medium,"3 Acre Agricultural Land is available for Rent in Tajnagar, Gurgaon for 1.50 Lac(s) 3 Acre Agricultural Land is available for Rent in Tajnagar, Gurgaon for 1.50 Lac(s)"
medium,"Open land can be used for parking or logistics warehouse as per requirement .Prime location and i am 2 Acre Agricultural Land is available for Rent in Kherki Daula, Gurgaon for 10.0 Lac(s)"
medium,"Agriculture land is available for rent. This area is suitable of any construction workshop and cover 10000 Sq-ft Agricultural Land is available for Rent in Garhi Harsaru, Gurgaon for 70,000"
medium,"9000 Sq-yrd Agricultural Land is available for Rent in Manesar, Gurgaon for 50,000 9000 Sq-yrd Agricultural Land is available for Rent in Manesar, Gurgaon for 50,000"
medium,"6000 Sq-ft Agricultural Land is available for Rent in Sector 63A, Gurgaon for 2.50 Lac(s) 6000 Sq-ft Agricultural Land is available for Rent in Sector 63A, Gurgaon for 2.50 Lac(s)"
medium,"3 Acre Agricultural Land is available for Rent in Garhi Harsaru, Gurgaon for 2.10 Lac(s) 3 Acre Agricultural Land is available for Rent in Garhi Harsaru, Gurgaon for 2.10 Lac(s)"
medium,"Agricultural land is available for rent. It has plot area of 1300 sq-ft, it is a good location prope 1300 Sq-ft Agricultural Land is available for Rent in , Gurgaon for 30,000"
medium,"3 Acre Agricultural Land is available for Rent in Pataudi, Gurgaon  3 Acre Agricultural Land is available for Rent in Pataudi, Gurgaon "
medium,"3 Acre Agricultural Land is available for Rent in Tajnagar, Gurgaon for 1.50 Lac(s) 3 Acre Agricultural Land is available for Rent in Tajnagar, Gurgaon for 1.50 Lac(s)"
medium," Length & Breadth dimensions are : 10 X 1 Bigha for this Agricultural Land.  10 Bigha Agricultural Land is available for Rent in , Haridwar for 10.0 Lac(s)"
medium,"11470 Sq-yrd Agricultural Land is available for Rent in , Hospet for 20,000 11470 Sq-yrd Agricultural Land is available for Rent in , Hospet for 20,000"
medium,"10 Are Agricultural Land is available for Rent in Eluvapalli, Hosur for 2.0 Lac(s) 10 Are Agricultural Land is available for Rent in Eluvapalli, Hosur for 2.0 Lac(s)"
medium,"Unlock unparalleled business opportunities with this lucrative Agricultural Land available for rent  79497 Sq-ft Agricultural Land is available for Rent in Koheda, Hyderabad for 1.80 Lac(s)"
medium,"Available for rent is a substantial 180 guntha agricultural plot situated in Janwada, Hyderabad. Thi 4 Acre Agricultural Land is available for Rent in Janwada, Hyderabad for 9.0 Lac(s)"
medium,"organic farminig for with drip eater system bore servet room owner room and power back up full water 6 Acre Agricultural Land is available for Rent in Sangareddy, Hyderabad for 50,000"
medium,"10 Acre Agricultural Land is available for Rent in Shankarapur, Hyderabad for 10.0 Lac(s) 10 Acre Agricultural Land is available for Rent in Shankarapur, Hyderabad for 10.0 Lac(s)"
medium,"location 261360 Sq-ft Agricultural Land is available for Rent in Siddipet Road, Hyderabad for 1.0 Lac(s)"
medium,"Black and Red fertile land with enoughwater and fencing in Village Ippalagudem,Behind Kondapochaama  50 Acre Agricultural Land is available for Rent in Pamulaparthi, Hyderabad for 1.10 Lac(s)"
medium,"17 Acre Agricultural Land is available for Rent in Shankarpalle, Hyderabad for 3.0 Lac(s) 17 Acre Agricultural Land is available for Rent in Shankarpalle, Hyderabad for 3.0 Lac(s)"
medium,"1 Acre Agricultural Land is available for Rent in Narkhuda, Hyderabad for 45,000 1 Acre Agricultural Land is available for Rent in Narkhuda, Hyderabad for 45,000"
medium,"3 Acre Agricultural Land is available for Rent in Kandi, Hyderabad for 2.0 Lac(s) 3 Acre Agricultural Land is available for Rent in Kandi, Hyderabad for 2.0 Lac(s)"
medium,"330 Acre Agricultural Land is available for Rent in Adibatla, Hyderabad for 4.0 Lac(s) 330 Acre Agricultural Land is available for Rent in Adibatla, Hyderabad for 4.0 Lac(s)"
medium,"21600 Sq-ft Agricultural Land is available for Rent in Kothur, Hyderabad for 2.0 Lac(s) 21600 Sq-ft Agricultural Land is available for Rent in Kothur, Hyderabad for 2.0 Lac(s)"
medium,"3 Acre Agricultural Land is available for Rent in Talakondapalle, Hyderabad for 50,000 3 Acre Agricultural Land is available for Rent in Talakondapalle, Hyderabad for 50,000"
high,"Agricultural land for lease 2.5 acers in near Sanghiguda. 2 km from Pedda Golkonda exit of ORR Exit  6 Acre Agricultural Land is available for Rent in Maheshwaram, Hyderabad for 25,000"
medium,"600 Sq-yrd Agricultural Land is available for Rent in Warangal Highway, Hyderabad for 30,000 600 Sq-yrd Agricultural Land is available for Rent in Warangal Highway, Hyderabad for 30,000"
medium,"4 Acre Agricultural Land is available for Rent in Kandukur, Hyderabad for 1.0 Lac(s) 4 Acre Agricultural Land is available for Rent in Kandukur, Hyderabad for 1.0 Lac(s)"
medium,"16 Acre Agricultural Land is available for Rent in Moinabad, Hyderabad for 1.60 Lac(s) 16 Acre Agricultural Land is available for Rent in Moinabad, Hyderabad for 1.60 Lac(s)"
medium,"4800 Sq-ft Agricultural Land is available for Rent in Bachupally, Hyderabad for 80,000 4800 Sq-ft Agricultural Land is available for Rent in Bachupally, Hyderabad for 80,000"
medium,"3 Acre Agricultural Land is available for Rent in Choutuppal, Hyderabad  3 Acre Agricultural Land is available for Rent in Choutuppal, Hyderabad "
medium,"Agriculture land available for leaserentArea 220000 square feetLocation Village Panda, 5 mins from A 220000 Sq-ft Agricultural Land is available for Rent in , Indore for 2.20 Lac(s)"
medium,"12500 Sq-ft Agricultural Land is available for Rent in Airport Road, Indore for 1.50 Lac(s) 12500 Sq-ft Agricultural Land is available for Rent in Airport Road, Indore for 1.50 Lac(s)"
medium,"96000 Sq-ft Agricultural Land is available for Rent in Mayakhedi, Indore for 2.0 Lac(s) 96000 Sq-ft Agricultural Land is available for Rent in Mayakhedi, Indore for 2.0 Lac(s)"
medium,"6 Acre Agricultural Land is available for Rent in Morod, Indore for 1.25 Lac(s) 6 Acre Agricultural Land is available for Rent in Morod, Indore for 1.25 Lac(s)"
medium,"7000 Sq-yrd Agricultural Land is available for Rent in , Jaipur Suburbs for 3.0 Lac(s) 7000 Sq-yrd Agricultural Land is available for Rent in , Jaipur Suburbs for 3.0 Lac(s)"
medium,"2 Acre Agricultural Land is available for Rent in Chalisgaon, Jalgaon for 1.0 Lac(s) 2 Acre Agricultural Land is available for Rent in Chalisgaon, Jalgaon for 1.0 Lac(s)"
medium,"property situated at outskirt of Jodhpur in open and silent zone, on the main road surpura bypass fo 25000 Sq-ft Agricultural Land is available for Rent in Surpura Bypass Road, Jodhpur for 15,000"
medium,"63 Acre Agricultural Land is available for Rent in Jawahar Khana Road, Jodhpur for 70,000 63 Acre Agricultural Land is available for Rent in Jawahar Khana Road, Jodhpur for 70,000"
medium,"777 Sq-yrd Agricultural Land is available for Rent in Mandore, Jodhpur for 15,000 777 Sq-yrd Agricultural Land is available for Rent in Mandore, Jodhpur for 15,000"
medium,"10000 Sq-ft Agricultural Land is available for Rent in Jhalamand, Jodhpur for 50,000 10000 Sq-ft Agricultural Land is available for Rent in Jhalamand, Jodhpur for 50,000"
medium,"1 Bigha Agricultural Land is available for Rent in Teok, Jorhat for 60.0 Lac(s) 1 Bigha Agricultural Land is available for Rent in Teok, Jorhat for 60.0 Lac(s)"
medium,"1 Acre Agricultural Land is available for Rent in Veraval, Junagadh  1 Acre Agricultural Land is available for Rent in Veraval, Junagadh "
medium,"This is a non commercial property situated on Kisan nagar and bidhnu road beside ramganga command na 1 Bigha Agricultural Land is available for Rent in Kishan Nagar, Kanpur for 20,000"
medium,"16 Bigha Agricultural Land is available for Rent in , Kanpur for 4.0 Lac(s) 16 Bigha Agricultural Land is available for Rent in , Kanpur for 4.0 Lac(s)"
medium,"20000 Sq-ft Agricultural Land is available for Rent in Sikandra, Kanpur  20000 Sq-ft Agricultural Land is available for Rent in Sikandra, Kanpur "
medium,"1 Bigha Agricultural Land is available for Rent in Rania, Kanpur  1 Bigha Agricultural Land is available for Rent in Rania, Kanpur "
medium,"33880 Sq-yrd Agricultural Land is available for Rent in , Khammam for 1.40 Lac(s) 33880 Sq-yrd Agricultural Land is available for Rent in , Khammam for 1.40 Lac(s)"
medium,"prime location for parking 4 Bigha Agricultural Land is available for Rent in Deva Road, Lucknow for 2.0 Lac(s)"
medium,"19000 Sq-ft Agricultural Land is available for Rent in Mati, Lucknow for 2.50 Lac(s) 19000 Sq-ft Agricultural Land is available for Rent in Mati, Lucknow for 2.50 Lac(s)"
medium,"7000 Sq-yrd Agricultural Land is available for Rent in Nilmatha, Lucknow for 1.5 Crore(s) 7000 Sq-yrd Agricultural Land is available for Rent in Nilmatha, Lucknow for 1.5 Crore(s)"
medium,"Agricultural Land for Lease available for agricultualr purpose or godown purpose 7700 Sq-ft Agricultural Land is available for Rent in Mohanlalganj, Lucknow for 77,000"
medium,"3 Bigha Agricultural Land is available for Rent in Kursi Road, Lucknow for 22,000 3 Bigha Agricultural Land is available for Rent in Kursi Road, Lucknow for 22,000"
medium,"Its Farming Land. Fencing is available. its near to Indira Dam. water facility is available 25000 Sq-ft Agricultural Land is available for Rent in Mahmoodnagar, Lucknow for 9,000"
medium,"Land is situated in behind Tata Motors, Deva Road, it is best for Mixture Plant, godown and warehous 2 Bigha Agricultural Land is available for Rent in Dhanwa Road, Lucknow for 6.0 Lac(s)"
medium,"immediate to move, vacant land for lease for long duration 27000 Sq-ft Agricultural Land is available for Rent in Omaxe City, Lucknow for 20,000"
medium,"4 Acre Agricultural Land is available for Rent in Chandigarh Road, Ludhiana for 1.20 Lac(s) 4 Acre Agricultural Land is available for Rent in Chandigarh Road, Ludhiana for 1.20 Lac(s)"
medium,"50 Cent Agricultural Land is available for Rent in Parasupet, Machilipatnam for 5,000 50 Cent Agricultural Land is available for Rent in Parasupet, Machilipatnam for 5,000"
high,"Its 3 Acre coconut farm located 1.5KM away from Thiruvathavur Sivan temple. Key facilities available 130680 Sq-ft Agricultural Land is available for Rent in Thiruvathavur, Madurai for 20,000"
medium,"Property is available for Lease 5 Acre Agricultural Land is available for Rent in Uppinagadi Village, Mangalore "
medium,"8 Acre Agricultural Land is available for Rent in , Mathura for 3.0 Lac(s) 8 Acre Agricultural Land is available for Rent in , Mathura for 3.0 Lac(s)"
high,"Flat Levelled Land Single Largest Land parcel in Area with Single ownerCorporate Leads Preferred. Lo 50000 Sq-yrd Agricultural Land is available for Rent in Garh Road, Meerut for 15,000"
medium,"Explore the endless possibilities with this 9 bigha agricultural land for rent in the vibrant locale 9 Bigha Agricultural Land is available for Rent in Ayodhya Nagar, Mehsana for 4.0 Lac(s)"
medium,"5089 Sq-ft Agricultural Land is available for Rent in Brahmanwada, Mehsana for 1.50 Lac(s) 5089 Sq-ft Agricultural Land is available for Rent in Brahmanwada, Mehsana for 1.50 Lac(s)"
low,"100 Sq-ft Agricultural Land is available for Rent in , Mirzapur for 5,000 100 Sq-ft Agricultural Land is available for Rent in , Mirzapur for 5,000"
medium,"14000 Sq-ft Agricultural Land is available for Rent in , Mumbai for 60,000 14000 Sq-ft Agricultural Land is available for Rent in , Mumbai for 60,000"
medium,"8228 Sq-yrd Agricultural Land is available for Rent in , Mumbai for 1.50 Lac(s) 8228 Sq-yrd Agricultural Land is available for Rent in , Mumbai for 1.50 Lac(s)"
medium,"16940 Sq-yrd Agricultural Land is available for Rent in , Mumbai  16940 Sq-yrd Agricultural Land is available for Rent in , Mumbai "
medium,"7 Bigha Agricultural Land is available for Rent in NH-58, Muzaffarnagar  7 Bigha Agricultural Land is available for Rent in NH-58, Muzaffarnagar "
medium,"Property is available for Lease 2400 Sq-ft Agricultural Land is available for Rent in Vijaya nagar, Mysore for 25,000"
medium,"Property is available for Lease 4 Acre Agricultural Land is available for Rent in Katol, Nagpur for 2.45 Lac(s)"
medium,"3 Bigha Agricultural Land is available for Rent in Khaparkheda, Nagpur for 35,000 3 Bigha Agricultural Land is available for Rent in Khaparkheda, Nagpur for 35,000"
medium,"11000 Sq-ft Agricultural Land is available for Rent in Amravati Road, Nagpur for 15,000 11000 Sq-ft Agricultural Land is available for Rent in Amravati Road, Nagpur for 15,000"
medium," Agricultural Land spans over 6 X 3 Hectare in length & breadth. 18 Acre Agricultural Land is available for Rent in , Nagpur for 15.0 Lac(s)"
low,"2 Acre Agricultural Land is available for Rent in , Nashik for 20,000 2 Acre Agricultural Land is available for Rent in , Nashik for 20,000"
medium,"4 Bigha Agricultural Land is available for Rent in Dindori Taluka, Nashik for 25,000 4 Bigha Agricultural Land is available for Rent in Dindori Taluka, Nashik for 25,000"
medium,"21000 Sq-ft Agricultural Land is available for Rent in , Nashik for 1.0 Lac(s) 21000 Sq-ft Agricultural Land is available for Rent in , Nashik for 1.0 Lac(s)"
medium,"10890 Sq-ft Agricultural Land is available for Rent in Nandur Naka, Nashik for 55,000 10890 Sq-ft Agricultural Land is available for Rent in Nandur Naka, Nashik for 55,000"
medium,"90 meter road front on nasik trimbak highway 3 Acre Agricultural Land is available for Rent in Mahiravni, Nashik for 3.0 Lac(s)"
medium,"22 Guntha Agricultural Land is available for Rent in Madsangavi, Nashik for 66,000 22 Guntha Agricultural Land is available for Rent in Madsangavi, Nashik for 66,000"
medium,"6 Acre Agricultural Land is available for Rent in , Navi Mumbai for 10.0 Lac(s) 6 Acre Agricultural Land is available for Rent in , Navi Mumbai for 10.0 Lac(s)"
medium,"1 Acre Agricultural Land is available for Rent in Panvel, Navi Mumbai for 30,000 1 Acre Agricultural Land is available for Rent in Panvel, Navi Mumbai for 30,000"
medium,"Agricultural land is available for rent. It has plot area of 16005 sq-ft, it is a good location prop 16005 Sq-ft Agricultural Land is available for Rent in Koproli, Navi Mumbai for 20,000"
medium,"70000 Sq-ft Agricultural Land is available for Rent in , Navsari for 2.0 Lac(s) 70000 Sq-ft Agricultural Land is available for Rent in , Navsari for 2.0 Lac(s)"
medium,"40000 Sq-ft Agricultural Land is available for Rent in Bilimora, Navsari  40000 Sq-ft Agricultural Land is available for Rent in Bilimora, Navsari "
medium,"1 Bigha Agricultural Land is available for Rent in Delhi Cantonment, New Delhi for 5,000 1 Bigha Agricultural Land is available for Rent in Delhi Cantonment, New Delhi for 5,000"
medium,"2 Acre Agricultural Land is available for Rent in Nangli Puna, New Delhi for 5.0 Lac(s) 2 Acre Agricultural Land is available for Rent in Nangli Puna, New Delhi for 5.0 Lac(s)"
medium,"3 Acre Agricultural Land is available for Rent in , New Delhi for 2.0 Lac(s) 3 Acre Agricultural Land is available for Rent in , New Delhi for 2.0 Lac(s)"
medium,"On road Property 1800 Sq-yrd Agricultural Land is available for Rent in Saboli, New Delhi for 60,000"
medium,"Two facing north and south 25 feet wide concrete road open land with boundary wall gd connectivity t 1000 Sq-yrd Agricultural Land is available for Rent in Aya Nagar, New Delhi for 50,000"
medium,"1 Acre Agricultural Land is available for Rent in Bijwasan, New Delhi  1 Acre Agricultural Land is available for Rent in Bijwasan, New Delhi "
medium,"10000 Sq-yrd Agricultural Land is available for Rent in Kanjhawala Village, New Delhi  10000 Sq-yrd Agricultural Land is available for Rent in Kanjhawala Village, New Delhi "
medium,"10 Acre Agricultural Land is available for Rent in Alipur, New Delhi  10 Acre Agricultural Land is available for Rent in Alipur, New Delhi "
medium,"Agricultural land is available for rent. It has plot area of 10000 sqyrd, it is a good location prop 10000 Sq-yrd Agricultural Land is available for Rent in Chhaproli Khadar, Noida for 50,000"
medium,"2 Acre Agricultural Land is available for Rent in Vikramgad, Palghar for 30,000 2 Acre Agricultural Land is available for Rent in Vikramgad, Palghar for 30,000"
medium,"2 Acre Agricultural Land is available for Rent in Boisar, Palghar for 30,000 2 Acre Agricultural Land is available for Rent in Boisar, Palghar for 30,000"
medium,"2 Acre Agricultural Land is available for Rent in Vikramgad, Palghar for 30,000 2 Acre Agricultural Land is available for Rent in Vikramgad, Palghar for 30,000"
low,"10000 Sq-ft Agricultural Land is available for Rent in State Highway 92, Pali Maharashtra for 15,000 10000 Sq-ft Agricultural Land is available for Rent in State Highway 92, Pali Maharashtra for 15,000"
high,"20 kattha rectangular plot available for lease for warehouse or small scale industry in Danapur Juri 27220 Sq-ft Agricultural Land is available for Rent in Nasriganj, Patna for 2.75 Lac(s)"
medium,"28 Kottah Agricultural Land is available for Rent in Begampur, Patna for 1.90 Lac(s) 28 Kottah Agricultural Land is available for Rent in Begampur, Patna for 1.90 Lac(s)"
medium,"15000 Sq-ft Agricultural Land is available for Rent in Sampatchak, Patna  15000 Sq-ft Agricultural Land is available for Rent in Sampatchak, Patna "
medium,"Property on Rent available from 20 R to 200 R on Saswad-Hadapsar Highway at Wadki location.We also p 5 Acre Agricultural Land is available for Rent in Wadki, Pune for 4.0 Lac(s)"
medium,"10000 Sq-ft Agricultural Land is available for Rent in Khed Shivapur Kondanpur Road, Pune for 1.0 La 10000 Sq-ft Agricultural Land is available for Rent in Khed Shivapur Kondanpur Road, Pune for 1.0 Lac(s)"
medium,"10000 Sq-ft Agricultural Land is available for Rent in Wadki, Pune for 11,000 10000 Sq-ft Agricultural Land is available for Rent in Wadki, Pune for 11,000"
medium,"2 Acre Agricultural Land is available for Rent in Lohegaon, Pune for 4.0 Lac(s) 2 Acre Agricultural Land is available for Rent in Lohegaon, Pune for 4.0 Lac(s)"
medium,"Agricultural land is available for rent. It has plot area of 60000 sq-ft, it is a good location prop 60000 Sq-ft Agricultural Land is available for Rent in , Pune for 5.0 Lac(s)"
medium,"25000 Sq-yrd Agricultural Land is available for Rent in Vadgaon, Pune for 2.0 Lac(s) 25000 Sq-yrd Agricultural Land is available for Rent in Vadgaon, Pune for 2.0 Lac(s)"
medium,"Open Plot having main road access. can be available on lease, rent for soprts academy, commercial go 4 Acre Agricultural Land is available for Rent in Jambhe, Pune for 6.0 Lac(s)"
medium,"2 Acre Agricultural Land is available for Rent in Hinjawadi, Pune for 3.48 Lac(s) 2 Acre Agricultural Land is available for Rent in Hinjawadi, Pune for 3.48 Lac(s)"
medium,"Highway touch 20000 Sq.ft. agricultural plot for rent.Located at Khamgaon phata, 5km away from Yawat 20000 Sq-ft Agricultural Land is available for Rent in Kasurdi Phata, Pune for 60,000"
medium,"1 Acre Agricultural Land is available for Rent in Sangamner, Pune for 70,000 1 Acre Agricultural Land is available for Rent in Sangamner, Pune for 70,000"
medium,"5 Acre Agricultural Land is available for Rent in Manjri, Pune for 6.0 Lac(s) 5 Acre Agricultural Land is available for Rent in Manjri, Pune for 6.0 Lac(s)"
medium,"20 Guntha Agricultural Land is available for Rent in Shikrapur, Pune for 40,000 20 Guntha Agricultural Land is available for Rent in Shikrapur, Pune for 40,000"
medium,"13000 Sq-ft Agricultural Land is available for Rent in Ranjangaon MIDC, Pune for 70,000 13000 Sq-ft Agricultural Land is available for Rent in Ranjangaon MIDC, Pune for 70,000"
medium,"2 Acre Agricultural Land is available for Rent in Khed Shivapur, Pune for 4.0 Lac(s) 2 Acre Agricultural Land is available for Rent in Khed Shivapur, Pune for 4.0 Lac(s)"
medium,"10000 Sq-ft Agricultural Land is available for Rent in Jejuri, Pune for 40,000 10000 Sq-ft Agricultural Land is available for Rent in Jejuri, Pune for 40,000"
medium,"2 Acre Agricultural Land is available for Rent in Bhor, Pune for 80,000 2 Acre Agricultural Land is available for Rent in Bhor, Pune for 80,000"
medium,"4 Acre Agricultural Land is available for Rent in , Pune for 4.0 Lac(s) 4 Acre Agricultural Land is available for Rent in , Pune for 4.0 Lac(s)"
high,"Open farm land and shed is ready for rent  with corner plot. separate well &amp; borewell available  40000 Sq-ft Agricultural Land is available for Rent in Kolwadi, Pune for 12,000"
medium," The location has easy access to, Institute of Business Studies (0 km ), Vimal Hospital (1 km ), Cor 6000 Sq-ft Agricultural Land is available for Rent in Pashan, Pune for 40,000"
medium,"12 Guntha Agricultural Land is available for Rent in Junnar, Pune for 10,000 12 Guntha Agricultural Land is available for Rent in Junnar, Pune for 10,000"
medium,"20 Guntha Agricultural Land is available for Rent in Kamshet, Pune for 60,000 20 Guntha Agricultural Land is available for Rent in Kamshet, Pune for 60,000"
medium,"200000 Sq-yrd Agricultural Land is available for Rent in Pune Solapur Highway, Pune for 20,000 200000 Sq-yrd Agricultural Land is available for Rent in Pune Solapur Highway, Pune for 20,000"
medium,"it is located near at the national highway 90 Guntha Agricultural Land is available for Rent in Khed Shivapur, Pune for 5.0 Lac(s)"
medium,"10000 Sq-ft Agricultural Land is available for Rent in Mohammed Wadi, Pune for 60,000 10000 Sq-ft Agricultural Land is available for Rent in Mohammed Wadi, Pune for 60,000"
medium,"1 Acre Agricultural Land is available for Rent in Kurkumbh, Pune for 40,000 1 Acre Agricultural Land is available for Rent in Kurkumbh, Pune for 40,000"
medium,"17 Kms from Pune Bangalore Highway I.E.Cheladi phata,agril.land. 20000 Sq-ft Agricultural Land is available for Rent in Velhe, Pune for 20,000"
high,"Based in the lap of nature this property is calm, peaceful and blissful. Away from all the hustle of 96 Guntha Agricultural Land is available for Rent in Vadgaon Mulshi, Pune for 50,000"
high,"Agricultural land is available for rent. It has covered area 12000 sq-ft and gated community, water  12000 Sq-ft Agricultural Land is available for Rent in , Pune for 40,000"
medium,"Situated in Gaikwad Wasti, Lavale, Pune, this agricultural land spans 2 acres, offering ample space  2 Acre Agricultural Land is available for Rent in Gaikwad Wasti Lavale, Pune for 2.0 Lac(s)"
medium," Length & Breadth dimensions are : 1 X 4 Acre for this Agricultural Land.  4 Acre Agricultural Land is available for Rent in , Pune for 80,000"
medium,"2200 Sq-ft Agricultural Land is available for Rent in Amleshwar, Raipur for 8,000 2200 Sq-ft Agricultural Land is available for Rent in Amleshwar, Raipur for 8,000"
medium,"3900 Sq-ft Agricultural Land is available for Rent in VIP Road, Raipur for 45,000 3900 Sq-ft Agricultural Land is available for Rent in VIP Road, Raipur for 45,000"
medium,"15000 Sq-ft Agricultural Land is available for Rent in Hirapur Road, Raipur for 45,000 15000 Sq-ft Agricultural Land is available for Rent in Hirapur Road, Raipur for 45,000"
medium,"50530 Sq-ft Agricultural Land is available for Rent in Baloda Bazar, Raipur for 2.0 Lac(s) 50530 Sq-ft Agricultural Land is available for Rent in Baloda Bazar, Raipur for 2.0 Lac(s)"
medium,"industrial land for rent in ranchi near by markets main road for any perpuse for more details contec 90000 Sq-ft Agricultural Land is available for Rent in Namkum, Ranchi for 1.0 Lac(s)"
medium,"2 Acre Agricultural Land is available for Rent in Mallur, Salem  2 Acre Agricultural Land is available for Rent in Mallur, Salem "
medium,"9 Acre Agricultural Land is available for Rent in Shirwal, Satara for 6.0 Lac(s) 9 Acre Agricultural Land is available for Rent in Shirwal, Satara for 6.0 Lac(s)"
medium,"32000 Sq-ft Agricultural Land is available for Rent in Lonand, Satara for 35,000 32000 Sq-ft Agricultural Land is available for Rent in Lonand, Satara for 35,000"
medium,"21000 sqft 21 gunthe agri plot available for lease at anewadi toll plaza on mumbai Bangalore nationa 21000 Sq-ft Agricultural Land is available for Rent in Pune Bengaluru Highway, Satara for 60,000"
medium,"20 Guntha Agricultural Land is available for Rent in , Satara for 40,000 20 Guntha Agricultural Land is available for Rent in , Satara for 40,000"
medium,"15 Bigha Agricultural Land is available for Rent in , Shimla  15 Bigha Agricultural Land is available for Rent in , Shimla "
medium,"35 Guntha Agricultural Land is available for Rent in , Shimoga for 65,000 35 Guntha Agricultural Land is available for Rent in , Shimoga for 65,000"
medium,"7 Bigha Agricultural Land is available for Rent in Machakana, Siwan for 30,000 7 Bigha Agricultural Land is available for Rent in Machakana, Siwan for 30,000"
medium,"besides national highway, good for poultry farming, good for warehouse, good for restaurant, dhaba b 91 Guntha Agricultural Land is available for Rent in , Solapur for 2.0 Lac(s)"
medium,"29 Acre Agricultural Land is available for Rent in Bale, Solapur  29 Acre Agricultural Land is available for Rent in Bale, Solapur "
medium,"It is on the main road of omex city, sonipat. 300 Sq-yrd Agricultural Land is available for Rent in Omaxe City, Sonipat for 30,000"
medium,"2 Acre Agricultural Land is available for Rent in , Thane for 16,000 2 Acre Agricultural Land is available for Rent in , Thane for 16,000"
medium,"10 Guntha Agricultural Land is available for Rent in Badlapur, Beyond Thane for 75,000 10 Guntha Agricultural Land is available for Rent in Badlapur, Beyond Thane for 75,000"
medium,"10 Acre Agricultural Land is available for Rent in Ambernath West, Beyond Thane  10 Acre Agricultural Land is available for Rent in Ambernath West, Beyond Thane "
medium,"54 Cent Agricultural Land is available for Rent in Kodannur, Thrissur for 40,000 54 Cent Agricultural Land is available for Rent in Kodannur, Thrissur for 40,000"
medium,"6 Acre Agricultural Land is available for Rent in Kalakad, Tirunelveli for 5.0 Lac(s) 6 Acre Agricultural Land is available for Rent in Kalakad, Tirunelveli for 5.0 Lac(s)"
medium,"Unlock the potential of your business with prime commercial land for rent on Rayala Cheruvu Road, Ti 58 Cent Agricultural Land is available for Rent in Rayala Cheruvu Road, Tirupati for 40,000"
medium,"Velan&rsquo;s JK garden1.10acre land for rent on NH 38 Road front Villupuram to Trichy &ndash; 25 km 47916 Sq-ft Agricultural Land is available for Rent in Siruganur, Trichy for 47,916"
medium,"26000 Sq-ft Agricultural Land is available for Rent in , Trichy for 1.0 Lac(s) 26000 Sq-ft Agricultural Land is available for Rent in , Trichy for 1.0 Lac(s)"
medium,"1 Acre Agricultural Land is available for Rent in , Trichy for 50,000 1 Acre Agricultural Land is available for Rent in , Trichy for 50,000"
medium,"On road Land,Good for factory, warehouse, or petrol pumps, tehsil is included in proposed expressway 108891 Sq-ft Agricultural Land is available for Rent in Hasanganj, Unnao for 5.0 Lac(s)"
medium,"next to main highway, very near to upcoming largest happy mall 84000 Sq-ft Agricultural Land is available for Rent in Chhani, Vadodara for 7.0 Lac(s)"
medium,"4500 Sq-m Agricultural Land is available for Rent in Gazipur Road, Varanasi  4500 Sq-m Agricultural Land is available for Rent in Gazipur Road, Varanasi "
medium,"40 Cent Agricultural Land is available for Rent in Katpadi, Vellore for 50,000 40 Cent Agricultural Land is available for Rent in Katpadi, Vellore for 50,000"
medium,"National Highway Facing 4 Acre Agricultural Land is available for Rent in , Warangal for 2.0 Lac(s)"
medium,"20 Acre Agricultural Land is available for Rent in Venkatapur, Warangal for 30,000 20 Acre Agricultural Land is available for Rent in Venkatapur, Warangal for 30,000"
medium,"40 Acre Agricultural Land is available for Rent in Sadhaura, Yamunanagar  40 Acre Agricultural Land is available for Rent in Sadhaura, Yamunanagar "
